{
  "timestamp": "2025-10-30T03:02:55.604904",
  "awareness_gradient": 0.2363651993902874,
  "planet_vector": [
    0.4228951506810168,
    0.8110728912054576,
    0.5213213113508075,
    0.3533482985674313,
    0.5026742405675336,
    0.0,
    0.9999999999958508
  ],
  "momentum_mean": 0.4581593739462491,
  "timeline_acc": 1.0
}